Left,Top,Width,Height
90.4533,4.64221,56.9508,94.1432
149.147,6.3856,87.7507,92.9809
237.479,6.38561,65.6678,94.1432
